{"cameraMode":{"drawMode":0,"name":"Shaded","section":"Shading Mode"},"sceneLighting":true,"audioPlay":false,"sceneViewState":{"m_AlwaysRefresh":false,"showFog":true,"showSkybox":true,"showFlares":true,"showImageEffects":true,"showParticleSystems":true,"showVisualEffectGraphs":true,"m_FxEnabled":true},"in2DMode":false,"pivot":{"x":-18.640392303466798,"y":1.6249737739562989,"z":22.302488327026368},"rotation":{"x":0.15339523553848267,"y":0.4451574385166168,"z":-0.07770399749279022,"w":0.8788087368011475},"size":3.536503553390503,"orthographic":false}